date,temp_c,precip_mm
2022-04-01,-1.2,-1.0
2022-04-02,-0.9,-1.0
2022-04-03,1.3,-1.0
2022-04-04,1.5,9.7
2022-04-05,-0.6,3.5
2022-04-06,-0.4,0.1
2022-04-07,1.1,6.7
2022-04-08,3.6,1.0
2022-04-09,2.2,1.5
2022-04-10,2.8,-1.0
2022-04-11,5.2,-1.0
2022-04-12,3.6,-1.0
2022-04-13,4.9,-1.0
2022-04-14,2.9,2.5
2022-04-15,4.2,-1.0
2022-04-16,4.3,-1.0
2022-04-17,5.0,-1.0
2022-04-18,7.9,-1.0
2022-04-19,7.8,-1.0
2022-04-20,10.3,-1.0
2022-04-21,9.8,-1.0
2022-04-22,8.8,-1.0
2022-04-23,7.9,-1.0
2022-04-24,7.3,-1.0
2022-04-25,6.8,-1.0
2022-04-26,6.8,-1.0
2022-04-27,3.1,-1.0
2022-04-28,2.6,1.5
2022-04-29,3.5,-1.0
2022-04-30,4.1,-1.0
2022-05-01,6.3,-1.0
2022-05-02,6.9,-1.0
2022-05-03,5.5,-1.0
2022-05-04,5.4,-1.0
2022-05-05,8.3,-1.0
2022-05-06,9.1,-1.0
2022-05-07,7.1,2.0
2022-05-08,7.1,-1.0
2022-05-09,7.0,-1.0
2022-05-10,9.1,7.9
2022-05-11,8.4,-1.0
2022-05-12,8.7,0.3
2022-05-13,10.9,3.2
2022-05-14,9.3,-1.0
2022-05-15,10.5,-1.0
2022-05-16,10.7,1.3
2022-05-17,8.2,-1.0
2022-05-18,11.2,-1.0
2022-05-19,10.1,-1.0
2022-05-20,9.0,-1.0
2022-05-21,9.9,-1.0
2022-05-22,9.4,-1.0
2022-05-23,13.8,-1.0
2022-05-24,14.2,-1.0
2022-05-25,13.6,8.4
2022-05-26,10.4,5.4
2022-05-27,9.5,11.4
2022-05-28,10.3,1.2
2022-05-29,10.8,-1.0
2022-05-30,13.0,1.9
2022-05-31,11.6,3.6
2022-06-01,13.1,9.9
2022-06-02,11.0,10.9
2022-06-03,11.9,1.2
2022-06-04,12.9,1.6
2022-06-05,13.8,-1.0
2022-06-06,14.1,-1.0
2022-06-07,14.7,2.2
2022-06-08,14.9,-1.0
2022-06-09,15.2,-1.0
2022-06-10,17.0,-1.0
2022-06-11,17.8,-1.0
2022-06-12,16.1,-1.0
2022-06-13,14.6,-1.0
2022-06-14,15.3,0.2
2022-06-15,17.9,-1.0
2022-06-16,17.3,-1.0
2022-06-17,17.2,-1.0
2022-06-18,13.8,9.5
2022-06-19,15.7,-1.0
2022-06-20,13.6,0.8
2022-06-21,15.1,-1.0
2022-06-22,17.5,-1.0
2022-06-23,17.5,-1.0
2022-06-24,18.6,-1.0
2022-06-25,20.6,-1.0
2022-06-26,23.4,-1.0
2022-06-27,24.9,-1.0
2022-06-28,23.8,-1.0
2022-06-29,22.0,-1.0
2022-06-30,22.5,-1.0
2022-07-01,22.7,-1.0
2022-07-02,24.2,-1.0
2022-07-03,22.1,-1.0
2022-07-04,20.0,-1.0
2022-07-05,19.6,0.4
2022-07-06,18.1,-1.0
2022-07-07,17.9,-1.0
2022-07-08,17.1,-1.0
2022-07-09,17.1,2.2
2022-07-10,17.5,-1.0
2022-07-11,19.5,-1.0
2022-07-12,20.6,0.9
2022-07-13,19.7,17.8
2022-07-14,17.8,6.3
2022-07-15,16.0,-1.0
2022-07-16,14.1,4.0
2022-07-17,14.7,1.7
2022-07-18,15.5,0.1
2022-07-19,17.8,0.9
2022-07-20,19.2,-1.0
2022-07-21,20.4,-1.0
2022-07-22,21.5,1.3
2022-07-23,19.2,-1.0
2022-07-24,17.9,0.4
2022-07-25,19.5,-1.0
2022-07-26,19.3,2.2
2022-07-27,17.4,-1.0
2022-07-28,16.5,0.5
2022-07-29,16.2,-1.0
2022-07-30,16.5,0.4
2022-07-31,16.7,-1.0
2022-08-01,17.8,-1.0
2022-08-02,18.4,-1.0
2022-08-03,17.9,-1.0
2022-08-04,21.2,-1.0
2022-08-05,22.9,0.2
2022-08-06,18.6,2.1
2022-08-07,17.1,-1.0
2022-08-08,16.1,0.4
2022-08-09,17.7,-1.0
2022-08-10,17.8,-1.0
2022-08-11,19.0,-1.0
2022-08-12,19.4,-1.0
2022-08-13,19.7,-1.0
2022-08-14,19.5,-1.0
2022-08-15,21.1,-1.0
2022-08-16,23.2,-1.0
2022-08-17,22.6,0.1
2022-08-18,23.2,-1.0
2022-08-19,24.4,-1.0
2022-08-20,23.1,-1.0
2022-08-21,21.4,0.4
2022-08-22,19.1,3.1
2022-08-23,20.1,-1.0
2022-08-24,21.2,-1.0
2022-08-25,17.6,-1.0
2022-08-26,17.0,-1.0
2022-08-27,19.1,-1.0
2022-08-28,21.5,2.1
2022-08-29,15.9,-1.0
2022-08-30,14.9,-1.0
2022-08-31,11.0,-1.0
2022-09-01,11.0,-1.0
2022-09-02,10.0,-1.0
2022-09-03,9.0,-1.0
2022-09-04,10.1,-1.0
2022-09-05,9.5,-1.0
2022-09-06,11.7,-1.0
2022-09-07,10.8,-1.0
2022-09-08,9.2,-1.0
2022-09-09,11.9,-1.0
2022-09-10,12.4,-1.0
2022-09-11,11.6,-1.0
2022-09-12,11.7,-1.0
2022-09-13,12.5,0.5
2022-09-14,12.7,13.4
2022-09-15,13.0,12.4
2022-09-16,11.3,6.3
2022-09-17,11.4,0.2
2022-09-18,11.7,-1.0
2022-09-19,11.7,3.1
2022-09-20,10.8,-1.0
2022-09-21,9.4,-1.0
2022-09-22,9.2,-1.0
2022-09-23,10.7,-1.0
2022-09-24,11.1,-1.0
2022-09-25,9.4,-1.0
2022-09-26,10.9,-1.0
2022-09-27,11.7,1.1
2022-09-28,9.8,3.4
2022-09-29,7.8,14.5
2022-09-30,8.6,2.6
2022-10-01,10.4,-1.0
2022-10-02,10.7,-1.0
2022-10-03,7.6,-1.0
2022-10-04,8.0,0.1
2022-10-05,9.6,1.9
2022-10-06,13.0,1.2
2022-10-07,13.1,-1.0
2022-10-08,11.5,1.2
2022-10-09,9.4,-1.0
2022-10-10,11.1,-1.0
2022-10-11,9.3,2.1
2022-10-12,7.2,-1.0
2022-10-13,8.0,-1.0
2022-10-14,10.3,3.4
2022-10-15,10.5,4.7
2022-10-16,11.2,6.8
2022-10-17,10.2,1.8
2022-10-18,8.4,1.4
2022-10-19,4.2,-1.0
2022-10-20,7.2,-1.0
2022-10-21,7.6,0.2
2022-10-22,8.3,0.2
2022-10-23,6.5,-1.0
2022-10-24,1.6,-1.0
2022-10-25,7.1,14.0
2022-10-26,10.1,0.3
2022-10-27,8.9,0.4
2022-10-28,10.7,0.8
2022-10-29,10.4,2.2
2022-10-30,4.9,-1.0
2022-10-31,5.4,0.7
2023-04-01,0.6,-1.0
2023-04-02,0.4,-1.0
2023-04-03,-0.3,-1.0
2023-04-04,0.3,-1.0
2023-04-05,2.2,-1.0
2023-04-06,2.1,-1.0
2023-04-07,4.4,-1.0
2023-04-08,5.4,-1.0
2023-04-09,5.6,-1.0
2023-04-10,4.9,-1.0
2023-04-11,6.1,-1.0
2023-04-12,8.4,-1.0
2023-04-13,6.4,-1.0
2023-04-14,4.2,-1.0
2023-04-15,4.3,-1.0
2023-04-16,5.2,-1.0
2023-04-17,6.8,-1.0
2023-04-18,8.7,-1.0
2023-04-19,8.5,-1.0
2023-04-20,10.6,-1.0
2023-04-21,11.2,-1.0
2023-04-22,11.1,-1.0
2023-04-23,9.3,-1.0
2023-04-24,8.1,2.4
2023-04-25,10.3,-1.0
2023-04-26,8.6,3.7
2023-04-27,6.7,-1.0
2023-04-28,5.3,-1.0
2023-04-29,5.9,4.0
2023-04-30,4.9,0.1
2023-05-01,6.1,4.5
2023-05-02,5.5,2.8
2023-05-03,6.5,1.6
2023-05-04,3.6,-1.0
2023-05-05,2.9,-1.0
2023-05-06,4.6,-1.0
2023-05-07,6.1,-1.0
2023-05-08,7.7,-1.0
2023-05-09,9.2,-1.0
2023-05-10,11.2,-1.0
2023-05-11,13.4,-1.0
2023-05-12,14.7,-1.0
2023-05-13,15.1,-1.0
2023-05-14,14.7,-1.0
2023-05-15,14.8,-1.0
2023-05-16,11.8,4.7
2023-05-17,10.6,-1.0
2023-05-18,10.0,-1.0
2023-05-19,9.9,-1.0
2023-05-20,13.1,-1.0
2023-05-21,14.8,-1.0
2023-05-22,15.2,0.7
2023-05-23,14.6,-1.0
2023-05-24,16.9,-1.0
2023-05-25,14.8,0.1
2023-05-26,10.2,2.4
2023-05-27,11.1,-1.0
2023-05-28,11.9,-1.0
2023-05-29,12.2,0.7
2023-05-30,11.3,-1.0
2023-05-31,13.3,-1.0
2023-06-01,9.4,-1.0
2023-06-02,7.7,1.3
2023-06-03,10.0,0.3
2023-06-04,12.7,-1.0
2023-06-05,14.3,-1.0
2023-06-06,13.1,0.6
2023-06-07,12.6,-1.0
2023-06-08,12.3,0.1
2023-06-09,12.8,-1.0
2023-06-10,12.0,-1.0
2023-06-11,12.8,-1.0
2023-06-12,15.5,-1.0
2023-06-13,17.8,-1.0
2023-06-14,18.6,-1.0
2023-06-15,20.5,-1.0
2023-06-16,21.0,-1.0
2023-06-17,21.5,-1.0
2023-06-18,19.8,-1.0
2023-06-19,18.4,-1.0
2023-06-20,21.7,-1.0
2023-06-21,22.5,-1.0
2023-06-22,19.8,1.0
2023-06-23,21.9,-1.0
2023-06-24,18.6,-1.0
2023-06-25,17.2,1.2
2023-06-26,19.2,-1.0
2023-06-27,19.8,-1.0
2023-06-28,21.5,-1.0
2023-06-29,21.8,-1.0
2023-06-30,22.6,-1.0
2023-07-01,18.1,13.3
2023-07-02,17.4,5.1
2023-07-03,14.9,6.4
2023-07-04,14.4,0.4
2023-07-05,15.0,-1.0
2023-07-06,15.2,1.9
2023-07-07,15.5,-1.0
2023-07-08,16.6,24.6
2023-07-09,16.1,-1.0
2023-07-10,15.9,-1.0
2023-07-11,16.7,-1.0
2023-07-12,18.0,-1.0
2023-07-13,19.3,-1.0
2023-07-14,18.0,-1.0
2023-07-15,18.8,-1.0
2023-07-16,19.0,5.5
2023-07-17,18.5,5.5
2023-07-18,17.3,0.3
2023-07-19,16.7,0.4
2023-07-20,16.5,-1.0
2023-07-21,16.3,4.7
2023-07-22,16.6,1.1
2023-07-23,16.7,-1.0
2023-07-24,17.0,-1.0
2023-07-25,16.4,7.3
2023-07-26,18.0,-1.0
2023-07-27,17.3,-1.0
2023-07-28,16.3,-1.0
2023-07-29,16.4,10.8
2023-07-30,18.4,2.4
2023-07-31,16.3,4.6
2023-08-01,16.6,19.9
2023-08-02,17.8,12.6
2023-08-03,17.3,9.7
2023-08-04,17.8,2.2
2023-08-05,18.9,-1.0
2023-08-06,19.5,-1.0
2023-08-07,23.5,-1.0
2023-08-08,19.6,-1.0
2023-08-09,17.8,-1.0
2023-08-10,16.0,8.0
2023-08-11,17.0,-1.0
2023-08-12,16.4,-1.0
2023-08-13,18.0,-1.0
2023-08-14,19.2,-1.0
2023-08-15,19.7,1.2
2023-08-16,20.3,3.3
2023-08-17,19.1,-1.0
2023-08-18,17.6,3.8
2023-08-19,15.2,-1.0
2023-08-20,16.1,-1.0
2023-08-21,17.1,-1.0
2023-08-22,17.2,0.8
2023-08-23,17.0,0.3
2023-08-24,16.7,0.7
2023-08-25,17.0,-1.0
2023-08-26,18.1,1.7
2023-08-27,17.2,25.9
2023-08-28,15.7,37.8
2023-08-29,17.4,0.5
2023-08-30,16.6,34.7
2023-08-31,18.1,9.4
2023-09-01,17.3,0.5
2023-09-02,14.8,8.4
2023-09-03,15.5,-1.0
2023-09-04,16.9,-1.0
2023-09-05,17.0,0.1
2023-09-06,13.8,-1.0
2023-09-07,14.4,-1.0
2023-09-08,17.6,-1.0
2023-09-09,16.4,-1.0
2023-09-10,18.0,-1.0
2023-09-11,17.2,-1.0
2023-09-12,17.2,1.4
2023-09-13,16.9,19.2
2023-09-14,13.4,-1.0
2023-09-15,13.2,-1.0
2023-09-16,17.0,-1.0
2023-09-17,14.1,3.4
2023-09-18,11.1,-1.0
2023-09-19,15.4,17.4
2023-09-20,16.1,0.1
2023-09-21,17.6,-1.0
2023-09-22,18.3,0.3
2023-09-23,16.5,11.3
2023-09-24,15.6,-1.0
2023-09-25,13.8,-1.0
2023-09-26,15.9,-1.0
2023-09-27,15.7,0.4
2023-09-28,15.8,-1.0
2023-09-29,16.5,6.1
2023-09-30,15.2,2.1
2023-10-01,12.5,-1.0
2023-10-02,12.6,3.8
2023-10-03,12.6,34.9
2023-10-04,10.9,0.2
2023-10-05,9.2,-1.0
2023-10-06,7.7,25.0
2023-10-07,7.4,1.7
2023-10-08,4.3,-1.0
2023-10-09,3.0,-1.0
2023-10-10,5.6,2.9
2023-10-11,12.3,17.5
2023-10-12,9.0,1.2
2023-10-13,9.2,13.3
2023-10-14,10.9,5.1
2023-10-15,7.8,-1.0
2023-10-16,5.9,-1.0
2023-10-17,5.0,-1.0
2023-10-18,1.7,-1.0
2023-10-19,1.9,-1.0
2023-10-20,1.7,-1.0
2023-10-21,2.8,1.2
2023-10-22,4.6,1.1
2023-10-23,3.5,-1.0
2023-10-24,1.6,-1.0
2023-10-25,1.5,2.0
2023-10-26,2.6,-1.0
2023-10-27,0.9,0.1
2023-10-28,-0.2,-1.0
2023-10-29,-0.2,1.0
2023-10-30,2.1,2.0
2023-10-31,4.5,17.6
2024-04-01,7.5,-1.0
2024-04-02,3.2,36.3
2024-04-03,-1.0,0.8
2024-04-04,-2.0,-1.0
2024-04-05,-1.4,10.9
2024-04-06,0.3,-1.0
2024-04-07,2.9,-1.0
2024-04-08,6.0,-1.0
2024-04-09,7.6,-1.0
2024-04-10,6.7,-1.0
2024-04-11,5.9,1.1
2024-04-12,8.5,-1.0
2024-04-13,5.1,0.3
2024-04-14,4.5,8.5
2024-04-15,6.6,-1.0
2024-04-16,4.5,4.4
2024-04-17,2.8,2.3
2024-04-18,0.3,-1.0
2024-04-19,-1.9,1.5
2024-04-20,-1.6,0.7
2024-04-21,0.0,-1.0
2024-04-22,-0.3,14.4
2024-04-23,-0.2,4.5
2024-04-24,3.0,-1.0
2024-04-25,3.4,1.2
2024-04-26,3.8,-1.0
2024-04-27,5.1,0.9
2024-04-28,6.6,-1.0
2024-04-29,11.0,-1.0
2024-04-30,11.5,-1.0
2024-05-01,9.9,-1.0
2024-05-02,10.2,-1.0
2024-05-03,11.1,-1.0
2024-05-04,14.6,-1.0
2024-05-05,9.0,-1.0
2024-05-06,6.1,-1.0
2024-05-07,5.8,-1.0
2024-05-08,4.4,-1.0
2024-05-09,5.6,0.6
2024-05-10,8.7,-1.0
2024-05-11,10.2,-1.0
2024-05-12,10.2,-1.0
2024-05-13,12.0,-1.0
2024-05-14,11.4,-1.0
2024-05-15,15.2,-1.0
2024-05-16,17.4,-1.0
2024-05-17,16.4,-1.0
2024-05-18,14.7,-1.0
2024-05-19,16.4,-1.0
2024-05-20,15.2,-1.0
2024-05-21,13.0,-1.0
2024-05-22,14.5,-1.0
2024-05-23,17.4,-1.0
2024-05-24,19.5,-1.0
2024-05-25,19.7,-1.0
2024-05-26,18.8,-1.0
2024-05-27,19.7,-1.0
2024-05-28,20.6,-1.0
2024-05-29,19.7,2.9
2024-05-30,19.8,-1.0
2024-05-31,21.6,-1.0
2024-06-01,21.8,1.6
2024-06-02,20.1,-1.0
2024-06-03,21.1,-1.0
2024-06-04,20.0,-1.0
2024-06-05,18.0,-1.0
2024-06-06,16.3,0.4
2024-06-07,14.6,-1.0
2024-06-08,13.7,0.2
2024-06-09,13.1,16.0
2024-06-10,12.3,3.1
2024-06-11,13.5,0.7
2024-06-12,13.9,-1.0
2024-06-13,14.4,-1.0
2024-06-14,14.5,-1.0
2024-06-15,14.5,-1.0
2024-06-16,17.1,-1.0
2024-06-17,18.0,1.7
2024-06-18,16.9,-1.0
2024-06-19,15.3,-1.0
2024-06-20,16.1,-1.0
2024-06-21,17.2,-1.0
2024-06-22,16.6,-1.0
2024-06-23,18.2,0.1
2024-06-24,19.2,-1.0
2024-06-25,20.0,-1.0
2024-06-26,19.8,-1.0
2024-06-27,21.3,-1.0
2024-06-28,21.9,0.2
2024-06-29,19.8,-1.0
2024-06-30,17.8,0.4
2024-07-01,17.9,-1.0
2024-07-02,17.7,0.3
2024-07-03,14.9,5.0
2024-07-04,17.0,0.2
2024-07-05,16.3,10.8
2024-07-06,14.7,6.9
2024-07-07,16.6,1.6
2024-07-08,17.0,-1.0
2024-07-09,17.1,-1.0
2024-07-10,17.9,-1.0
2024-07-11,18.7,5.5
2024-07-12,18.5,-1.0
2024-07-13,20.7,-1.0
2024-07-14,19.1,6.8
2024-07-15,18.4,1.1
2024-07-16,20.0,-1.0
2024-07-17,20.4,2.0
2024-07-18,19.1,0.6
2024-07-19,18.5,2.9
2024-07-20,18.7,1.8
2024-07-21,19.4,4.7
2024-07-22,21.2,-1.0
2024-07-23,22.1,-1.0
2024-07-24,21.7,-1.0
2024-07-25,21.9,-1.0
2024-07-26,22.1,-1.0
2024-07-27,21.2,-1.0
2024-07-28,21.2,-1.0
2024-07-29,21.8,0.1
2024-07-30,20.3,-1.0
2024-07-31,18.1,0.5
2024-08-01,17.7,1.5
2024-08-02,17.7,0.1
2024-08-03,18.0,4.3
2024-08-04,18.3,2.9
2024-08-05,18.2,11.1
2024-08-06,19.3,1.3
2024-08-07,18.4,-1.0
2024-08-08,20.0,-1.0
2024-08-09,21.7,4.5
2024-08-10,19.0,5.2
2024-08-11,17.0,0.9
2024-08-12,15.1,2.3
2024-08-13,18.9,-1.0
2024-08-14,19.4,-1.0
2024-08-15,19.6,-1.0
2024-08-16,19.7,0.1
2024-08-17,19.4,-1.0
2024-08-18,17.7,-1.0
2024-08-19,18.4,-1.0
2024-08-20,16.8,-1.0
2024-08-21,19.6,1.0
2024-08-22,19.2,-1.0
2024-08-23,17.4,3.6
2024-08-24,17.7,-1.0
2024-08-25,19.6,-1.0
2024-08-26,17.2,-1.0
2024-08-27,17.3,-1.0
2024-08-28,17.7,-1.0
2024-08-29,17.9,-1.0
2024-08-30,20.8,13.0
2024-08-31,16.1,5.5
2024-09-01,14.9,3.4
2024-09-02,16.3,-1.0
2024-09-03,18.2,-1.0
2024-09-04,19.3,-1.0
2024-09-05,19.7,-1.0
2024-09-06,18.6,-1.0
2024-09-07,18.4,-1.0
2024-09-08,18.9,-1.0
2024-09-09,20.0,-1.0
2024-09-10,19.7,2.2
2024-09-11,17.3,2.3
2024-09-12,17.3,13.5
2024-09-13,17.0,11.3
2024-09-14,18.2,12.4
2024-09-15,13.2,-1.0
2024-09-16,13.5,-1.0
2024-09-17,15.8,-1.0
2024-09-18,13.0,-1.0
2024-09-19,13.6,-1.0
2024-09-20,16.0,-1.0
2024-09-21,12.0,-1.0
2024-09-22,8.6,-1.0
2024-09-23,13.4,-1.0
2024-09-24,17.1,-1.0
2024-09-25,16.9,4.7
2024-09-26,15.7,18.5
2024-09-27,15.2,16.8
2024-09-28,11.5,0.2
2024-09-29,8.9,-1.0
2024-09-30,7.4,-1.0
2024-10-01,8.0,-1.0
2024-10-02,6.8,1.6
2024-10-03,7.7,-1.0
2024-10-04,7.6,-1.0
2024-10-05,9.1,0.5
2024-10-06,12.2,-1.0
2024-10-07,9.9,-1.0
2024-10-08,7.5,-1.0
2024-10-09,9.6,43.1
2024-10-10,12.9,0.9
2024-10-11,12.5,0.3
2024-10-12,7.5,1.4
2024-10-13,8.2,0.8
2024-10-14,6.7,0.5
2024-10-15,5.0,-1.0
2024-10-16,7.0,-1.0
2024-10-17,10.4,-1.0
2024-10-18,10.8,-1.0
2024-10-19,11.2,-1.0
2024-10-20,10.6,-1.0
2024-10-21,11.6,0.2
2024-10-22,11.5,0.3
2024-10-23,10.5,-1.0
2024-10-24,10.2,-1.0
2024-10-25,10.2,-1.0
2024-10-26,10.5,0.4
2024-10-27,10.4,6.0
2024-10-28,8.4,-1.0
2024-10-29,6.1,-1.0
2024-10-30,8.4,-1.0
2024-10-31,4.5,13.0
2025-04-01,8.8,-1.0
2025-04-02,11.5,-1.0
2025-04-03,9.8,-1.0
2025-04-04,6.7,0.3
2025-04-05,0.4,-1.0
2025-04-06,0.2,-1.0
2025-04-07,3.9,-1.0
2025-04-08,2.3,0.3
2025-04-09,2.5,-1.0
2025-04-10,0.2,3.3
2025-04-11,0.9,0.4
2025-04-12,5.0,0.2
2025-04-13,6.9,-1.0
2025-04-14,7.5,-1.0
2025-04-15,9.3,-1.0
2025-04-16,10.8,0.8
2025-04-17,8.9,0.1
2025-04-18,9.2,0.6
2025-04-19,13.1,13.9
2025-04-20,7.4,18.5
2025-04-21,6.3,0.4
2025-04-22,5.6,1.7
2025-04-23,7.1,0.1
2025-04-24,5.0,-1.0
2025-04-25,3.8,-1.0
2025-04-26,4.4,-1.0
2025-04-27,3.9,-1.0
2025-04-28,7.1,3.1
2025-04-29,9.9,0.2
2025-04-30,4.5,-1.0
2025-05-01,5.9,-1.0
2025-05-02,8.1,4.5
2025-05-03,8.8,-1.0
2025-05-04,6.7,-1.0
2025-05-05,5.3,0.9
2025-05-06,5.7,3.4
2025-05-07,4.6,-1.0
2025-05-08,5.3,-1.0
2025-05-09,6.4,-1.0
2025-05-10,7.3,-1.0
2025-05-11,8.9,-1.0
2025-05-12,10.5,-1.0
2025-05-13,10.9,-1.0
2025-05-14,8.4,-1.0
2025-05-15,9.9,0.5
2025-05-16,13.4,3.0
2025-05-17,9.4,-1.0
2025-05-18,14.5,-1.0
2025-05-19,13.5,-1.0
2025-05-20,14.1,-1.0
2025-05-21,10.6,-1.0
2025-05-22,12.5,4.8
2025-05-23,10.3,2.5
2025-05-24,9.6,2.7
2025-05-25,10.9,-1.0
2025-05-26,12.0,-1.0
2025-05-27,13.2,-1.0
2025-05-28,13.5,-1.0
2025-05-29,14.0,0.1
2025-05-30,14.4,1.7
2025-05-31,13.2,-1.0
2025-06-01,13.9,-1.0
2025-06-02,11.7,4.8
2025-06-03,12.9,-1.0
2025-06-04,13.4,0.6
2025-06-05,13.7,4.3
2025-06-06,13.3,0.2
2025-06-07,14.5,-1.0
2025-06-08,13.9,-1.0
2025-06-09,12.6,11.2
2025-06-10,13.4,0.3
2025-06-11,11.7,17.2
2025-06-12,14.2,2.9
2025-06-13,16.4,-1.0
2025-06-14,16.8,-1.0
2025-06-15,17.5,-1.0
2025-06-16,17.2,3.2
2025-06-17,16.4,0.4
2025-06-18,15.5,4.9
2025-06-19,13.3,11.5
2025-06-20,16.0,-1.0
2025-06-21,11.9,5.0
2025-06-22,14.7,-1.0
2025-06-23,13.7,4.8
2025-06-24,12.9,11.5
2025-06-25,14.3,-1.0
2025-06-26,13.8,-1.0
2025-06-27,14.9,7.7
2025-06-28,15.0,2.8
2025-06-29,15.6,11.2
2025-06-30,16.6,-1.0
2025-07-01,19.6,-1.0
2025-07-02,19.4,0.1
2025-07-03,17.7,0.1
2025-07-04,15.6,-1.0
2025-07-05,13.3,13.2
2025-07-06,14.1,7.2
2025-07-07,15.3,41.4
2025-07-08,15.6,0.2
2025-07-09,16.5,-1.0
2025-07-10,16.4,0.6
2025-07-11,18.0,0.2
2025-07-12,21.2,2.3
2025-07-13,20.7,-1.0
2025-07-14,22.1,-1.0
2025-07-15,23.1,-1.0
2025-07-16,22.5,-1.0
2025-07-17,22.9,-1.0
2025-07-18,21.5,-1.0
2025-07-19,21.3,-1.0
2025-07-20,22.5,-1.0
2025-07-21,22.7,4.2
2025-07-22,22.7,-1.0
2025-07-23,22.8,-1.0
2025-07-24,23.6,-1.0
2025-07-25,24.2,-1.0
2025-07-26,23.3,-1.0
2025-07-27,23.4,-1.0
2025-07-28,23.8,-1.0
2025-07-29,22.9,0.1
2025-07-30,24.1,-1.0
2025-07-31,23.8,-1.0
2025-08-01,21.6,9.9
2025-08-02,20.0,-1.0
2025-08-03,22.1,-1.0
2025-08-04,22.4,19.5
2025-08-05,19.6,1.6
2025-08-06,18.4,16.4
2025-08-07,17.7,1.1
2025-08-08,17.1,2.0
2025-08-09,18.1,-1.0
2025-08-10,18.0,-1.0
2025-08-11,17.8,4.8
2025-08-12,15.3,1.5
2025-08-13,17.1,-1.0
2025-08-14,17.9,-1.0
2025-08-15,19.5,3.0
2025-08-16,14.9,0.6
2025-08-17,15.2,-1.0
2025-08-18,16.9,-1.0
2025-08-19,16.2,-1.0
2025-08-20,13.2,-1.0
2025-08-21,12.1,-1.0
2025-08-22,12.0,-1.0
2025-08-23,12.5,0.1
2025-08-24,11.4,2.6
2025-08-25,12.7,-1.0
2025-08-26,13.0,-1.0
2025-08-27,13.5,-1.0
2025-08-28,14.2,-1.0
2025-08-29,14.5,11.0
2025-08-30,15.9,0.7
2025-08-31,15.4,1.2
2025-09-01,14.3,-1.0
2025-09-02,15.3,-1.0
2025-09-03,16.5,2.2
2025-09-04,15.7,-1.0
2025-09-05,15.7,-1.0
2025-09-06,17.4,5.6
2025-09-07,17.9,0.2
2025-09-08,18.0,-1.0
2025-09-09,17.9,-1.0
2025-09-10,19.0,-1.0
2025-09-11,19.0,-1.0
2025-09-12,16.2,18.4
2025-09-13,16.4,2.9
2025-09-14,15.7,5.6
2025-09-15,15.1,16.3
2025-09-16,15.2,18.1
2025-09-17,15.0,1.6
2025-09-18,15.3,3.9
2025-09-19,13.9,5.2
2025-09-20,15.9,1.0
2025-09-21,17.4,0.3
2025-09-22,13.9,-1.0
2025-09-23,9.1,1.4
2025-09-24,7.9,-1.0
2025-09-25,9.4,-1.0
2025-09-26,10.5,-1.0
2025-09-27,11.5,-1.0
2025-09-28,10.3,-1.0
2025-09-29,9.5,-1.0
2025-09-30,8.6,-1.0
2025-10-01,8.4,-1.0
2025-10-02,8.1,-1.0
2025-10-03,7.3,-1.0
2025-10-04,9.1,0.2
2025-10-05,10.7,5.9
2025-10-06,11.7,5.1
2025-10-07,13.0,-1.0
2025-10-08,12.2,6.7
2025-10-09,12.6,2.8
2025-10-10,10.3,0.2
2025-10-11,10.3,-1.0
2025-10-12,7.1,-1.0
2025-10-13,6.3,0.2
2025-10-14,6.4,0.3
2025-10-15,7.2,-1.0
2025-10-16,7.5,-1.0
2025-10-17,3.5,-1.0
2025-10-18,2.0,-1.0
2025-10-19,4.4,0.2
2025-10-20,6.3,-1.0
2025-10-21,8.1,-1.0
2025-10-22,7.1,2.9
2025-10-23,7.4,4.4
2025-10-24,8.8,3.7
2025-10-25,10.5,8.6
2025-10-26,9.5,12.0
2025-10-27,7.6,4.9
2025-10-28,6.4,10.6
2025-10-29,7.0,0.2
2025-10-30,7.1,10.0
2025-10-31,7.2,3.4
